{"RMSE_loss": {"train": 101.91316986083984, "validation": 91.04945373535156, "test": 103.3512954711914}, "R_squared": {"train": 0.3858893118490925, "validation": 0.3465037969500554, "test": 0.4435377144270457}, "training_duration": 0.7969591617584229, "inference_latency": 2.27790280997035e-07}