{"RMSE_loss": {"train": 101.28043365478516, "validation": 91.98920440673828, "test": 120.43489837646484}, "R_squared": {"train": 0.33887490965184264, "validation": 0.5169299296337405, "test": 0.3083066833182764}, "training_duration": 16.532344818115234, "inference_latency": 9.120228778885072e-07}