{"RMSE_loss": {"train": 139.1512908935547, "validation": 119.71407318115234, "test": 137.41554260253906}, "R_squared": {"train": -0.1448814750913292, "validation": -0.12974070084606049, "test": 0.01627060406602221}, "training_duration": 2.980388879776001, "inference_latency": 5.01253518713526e-07}