{"validation_accuracy": 0.3674527227158806, "train_and_test": {"train": {"f1": 0.7841998345583834, "precision": 0.8379672299027137, "recall": 0.765607447635481, "accuracy": 0.7740963855421686}, "test": {"f1": 0.3702693652388536, "precision": 0.3826481130086444, "recall": 0.382014652014652, "accuracy": 0.4036144578313253}}}