{"validation_accuracy": 0.3885053542948279, "train_and_test": {"train": {"f1": 0.43123169005706075, "precision": 0.4593108835510554, "recall": 0.43634098293586215, "accuracy": 0.4457831325301205}, "test": {"f1": 0.37401241992731626, "precision": 0.37131732208414425, "recall": 0.3939194139194139, "accuracy": 0.41566265060240964}}}