{"RMSE_loss": {"train": 113.85867309570312, "validation": 107.8533935546875, "test": 130.17794799804688}, "R_squared": {"train": 0.1644646598755396, "validation": 0.3359450180973548, "test": 0.1918653919368365}, "training_duration": 31.503806829452515, "inference_latency": 2.433018512036427e-07}