{"RMSE_loss": {"train": 101.37447357177734, "validation": 95.91105651855469, "test": 90.6537857055664}, "R_squared": {"train": 0.4372513901010985, "validation": 0.3531810936587957, "test": 0.2774330574205446}, "training_duration": 29.688886642456055, "inference_latency": 5.021152726138931e-07}