{"RMSE_loss": {"train": 206.1905975341797, "validation": 190.70498657226562, "test": 181.55438232421875}, "R_squared": {"train": -1.3280637882620154, "validation": -1.5572280039998962, "test": -1.8981420852976196}, "training_duration": 47.94454097747803, "inference_latency": 9.493655469044146e-07}