{"RMSE_loss": {"train": 104.01561737060547, "validation": 90.51557159423828, "test": 105.56820678710938}, "R_squared": {"train": 0.3602899953661356, "validation": 0.35414516571672316, "test": 0.4194092388733236}, "training_duration": 0.8177011013031006, "inference_latency": 2.1687473159238516e-07}