{"accuracy": {"train": 0.8556701030927835, "validation": 0.8548387096774194, "test": 0.7661290322580645}, "f1": {"train": 0.2998201261580919, "validation": 0.456138315672058, "test": 0.30057561486132917}, "training_duration": 7.5039520263671875, "inference_latency": 3.101452287421169e-06}