{"validation_RMSE": 102.37864612633928, "test_RMSE": 102.22898095672127, "test_R2": 0.3655311808931525}