{"validation_RMSE": 103.88122638096077, "test_RMSE": 102.22898095672127, "test_R2": 0.3655311808931525}