{"validation_accuracy": 0.34485076327181585, "train_and_test": {"train": {"f1": 0.4395877325943326, "precision": 0.44101224548385154, "recall": 0.440305697418642, "accuracy": 0.44728915662650603}, "test": {"f1": 0.3194273929644515, "precision": 0.3301646273637375, "recall": 0.3265934065934066, "accuracy": 0.3253012048192771}}}