{"RMSE_loss": {"train": 105.46800994873047, "validation": 102.11514282226562, "test": 68.81582641601562}, "R_squared": {"train": 0.3748702278046151, "validation": 0.3566508050736924, "test": 0.585482592743353}, "training_duration": 9.782408952713013, "inference_latency": 1.8866665392036898e-06}