{"validation_accuracy": 0.3554454317612212, "train_and_test": {"train": {"f1": 0.5340912253930575, "precision": 0.5639945707039522, "recall": 0.5368081674376957, "accuracy": 0.5406626506024096}, "test": {"f1": 0.2901756372155919, "precision": 0.3034945054945055, "recall": 0.29743589743589743, "accuracy": 0.3072289156626506}}}