{"RMSE_loss": {"train": 101.82093811035156, "validation": 92.69193267822266, "test": 119.50997161865234}, "R_squared": {"train": 0.33179955016738427, "validation": 0.5095211307042533, "test": 0.318890196213623}, "training_duration": 20.889519929885864, "inference_latency": 6.325273628694465e-07}