{"RMSE_loss": {"train": 95.1655502319336, "validation": 120.62274169921875, "test": 97.94590759277344}, "R_squared": {"train": 0.44265084015857203, "validation": 0.33294447819461526, "test": 0.2654067224009883}, "training_duration": 3.101156234741211, "inference_latency": 7.083617061017508e-07}