{"accuracy": {"train": 0.8092783505154639, "validation": 0.8467741935483871, "test": 0.6935483870967742}, "f1": {"train": 0.2594207563171178, "validation": 0.45015231237884235, "test": 0.25879094141867864}, "training_duration": 8.963655948638916, "inference_latency": 3.618217376341303e-06}