{"RMSE_loss": {"train": 200.46031188964844, "validation": 181.77198791503906, "test": 210.73263549804688}, "R_squared": {"train": -1.375980417700461, "validation": -1.604607481509344, "test": -1.3134895103644335}, "training_duration": 3.098583698272705, "inference_latency": 5.974827042545181e-07}