{"RMSE_loss": {"train": 98.19391632080078, "validation": 96.26039123535156, "test": 102.6593017578125}, "R_squared": {"train": 0.4298945251366003, "validation": 0.2695616596745841, "test": 0.4509644310942955}, "training_duration": 0.8210630416870117, "inference_latency": 5.167650889201336e-07}