{"RMSE_loss": {"train": 100.83634185791016, "validation": 91.65814971923828, "test": 100.45252990722656}, "R_squared": {"train": 0.39879829255745236, "validation": 0.3377369992657926, "test": 0.4743149132121468}, "training_duration": 3.048501968383789, "inference_latency": 6.506241947771555e-07}