{"accuracy": {"train": 0.8711340206185567, "validation": 0.8790322580645161, "test": 0.7419354838709677}, "f1": {"train": 0.3903753534808203, "validation": 0.6081874647092038, "test": 0.33556248214633305}, "training_duration": 26.119415044784546, "inference_latency": 1.0036560426275413e-06}