{"accuracy": {"train": 0.8814432989690721, "validation": 0.8548387096774194, "test": 0.7580645161290323}, "f1": {"train": 0.40596613398837794, "validation": 0.5047860156720916, "test": 0.33963133640552995}, "training_duration": 16.75279712677002, "inference_latency": 9.61430101509554e-07}