{"RMSE_loss": {"train": 101.02264404296875, "validation": 91.13316345214844, "test": 118.50902557373047}, "R_squared": {"train": 0.3422361472143829, "validation": 0.5258789097846097, "test": 0.33025146134434735}, "training_duration": 24.6342830657959, "inference_latency": 9.338539766978069e-07}