{"RMSE_loss": {"train": 104.01869201660156, "validation": 94.50029754638672, "test": 121.61080169677734}, "R_squared": {"train": 0.3026426881785227, "validation": 0.4901965848734974, "test": 0.2947336122371217}, "training_duration": 31.51541519165039, "inference_latency": 5.242336227233151e-07}