{"validation_accuracy": 0.3825814536340852, "train_and_test": {"train": {"f1": 0.7738110332070021, "precision": 0.7917715960205118, "recall": 0.7672503145624039, "accuracy": 0.7756024096385542}, "test": {"f1": 0.416730758603099, "precision": 0.417512077294686, "recall": 0.42032967032967034, "accuracy": 0.42771084337349397}}}