{"validation_accuracy": 0.38257006151742995, "train_and_test": {"train": {"f1": 0.8266919599012927, "precision": 0.8395697647817986, "recall": 0.8203945807397641, "accuracy": 0.8283132530120482}, "test": {"f1": 0.38276855355748446, "precision": 0.3854915514592934, "recall": 0.3897435897435897, "accuracy": 0.39759036144578314}}}