{"RMSE_loss": {"train": 97.13844299316406, "validation": 90.98363494873047, "test": 119.57289123535156}, "R_squared": {"train": 0.39184423799978363, "validation": 0.5274334570936944, "test": 0.3181728486154549}, "training_duration": 10.71670913696289, "inference_latency": 2.399697361222233e-06}