{"accuracy": {"train": 0.8865979381443299, "validation": 0.8870967741935484, "test": 0.7580645161290323}, "f1": {"train": 0.41637833503276, "validation": 0.566578788527814, "test": 0.34860296761120374}, "training_duration": 14.892547130584717, "inference_latency": 1.586488930575819e-06}