{"RMSE_loss": {"train": 101.68212127685547, "validation": 93.0779800415039, "test": 95.3530502319336}, "R_squared": {"train": 0.4338306382561926, "validation": 0.3908290095104462, "test": 0.20057949641066097}, "training_duration": 11.726719856262207, "inference_latency": 1.515537859445595e-06}