{"RMSE_loss": {"train": 99.97057342529297, "validation": 91.82341003417969, "test": 102.63035583496094}, "R_squared": {"train": 0.40907773031460526, "validation": 0.3353466820973149, "test": 0.45127404184206665}, "training_duration": 3.196320056915283, "inference_latency": 1.7651592392519295e-06}