{"RMSE_loss": {"train": 131.82757568359375, "validation": 113.50890350341797, "test": 129.1752471923828}, "R_squared": {"train": -0.027539708194277646, "validation": -0.015659744539462395, "test": 0.13071439007513475}, "training_duration": 4.43730616569519, "inference_latency": 8.109104202454348e-07}