{"validation_RMSE": 102.0792448983879, "test_RMSE": 95.42908046141372, "test_R2": 0.4471291424391616}