{"validation_RMSE": 102.30563592344808, "test_RMSE": 95.42908046141372, "test_R2": 0.4471291424391616}