{"validation_RMSE": 102.42667186325829, "test_RMSE": 95.42908046141372, "test_R2": 0.4471291424391616}