{"accuracy": {"train": 0.8694158075601375, "validation": 0.8709677419354839, "test": 0.75}, "f1": {"train": 0.389486120876096, "validation": 0.6017609401841348, "test": 0.35333132045088567}, "training_duration": 14.46872591972351, "inference_latency": 1.7743512808558453e-06}