{"accuracy": {"train": 0.8298969072164949, "validation": 0.8225806451612904, "test": 0.7338709677419355}, "f1": {"train": 0.2871714116865739, "validation": 0.4372069725505911, "test": 0.29107012327494763}, "training_duration": 11.729380130767822, "inference_latency": 6.933384631053511e-06}