{"accuracy": {"train": 0.8780068728522337, "validation": 0.8790322580645161, "test": 0.7903225806451613}, "f1": {"train": 0.4003131191700616, "validation": 0.5491317225871002, "test": 0.3714491381788267}, "training_duration": 14.246543169021606, "inference_latency": 1.262756715337914e-06}