{"validation_RMSE": 104.42024437412724, "test_RMSE": 99.61693248195874, "test_R2": 0.3975395402189542}