{"validation_RMSE": 104.7042860632941, "test_RMSE": 97.77255706207514, "test_R2": 0.41964174355077577}