{"validation_RMSE": 103.13607739021943, "test_RMSE": 99.33569462607527, "test_R2": 0.4009364630173251}