{"RMSE_loss": {"train": 102.54167175292969, "validation": 97.27576446533203, "test": 90.65484619140625}, "R_squared": {"train": 0.42421813364339245, "validation": 0.33464317893711737, "test": 0.2774162159058624}, "training_duration": 11.228914022445679, "inference_latency": 7.735677512295275e-07}