{"RMSE_loss": {"train": 101.30767822265625, "validation": 97.25680541992188, "test": 87.8412857055664}, "R_squared": {"train": 0.43799283743939055, "validation": 0.3349024332078615, "test": 0.3215723392075187}, "training_duration": 35.15293502807617, "inference_latency": 7.293310510106833e-07}