{"RMSE_loss": {"train": 100.48186492919922, "validation": 92.04228210449219, "test": 96.1738510131836}, "R_squared": {"train": 0.4471178548222674, "validation": 0.4043103477917417, "test": 0.18675732515576038}, "training_duration": 21.018106937408447, "inference_latency": 1.0832246527614364e-06}