{"validation_accuracy": 0.38095238095238093, "train_and_test": {"train": {"f1": 0.4116629631047303, "precision": 0.44637886337953486, "recall": 0.4216878268086168, "accuracy": 0.4322289156626506}, "test": {"f1": 0.37726663314898606, "precision": 0.3737995337995338, "recall": 0.41119047619047616, "accuracy": 0.41566265060240964}}}