{"validation_accuracy": 0.38096377306903617, "train_and_test": {"train": {"f1": 0.4136493152387811, "precision": 0.4490538842650821, "recall": 0.4231266757294801, "accuracy": 0.43373493975903615}, "test": {"f1": 0.364980193642114, "precision": 0.3597283176593521, "recall": 0.3980952380952381, "accuracy": 0.4036144578313253}}}