{"RMSE_loss": {"train": 99.90302276611328, "validation": 90.23273468017578, "test": 116.73784637451172}, "R_squared": {"train": 0.3567351770739766, "validation": 0.5352016703324174, "test": 0.3501213887275335}, "training_duration": 28.8491849899292, "inference_latency": 5.641615534403238e-07}