{"RMSE_loss": {"train": 200.27891540527344, "validation": 181.58493041992188, "test": 210.55284118652344}, "R_squared": {"train": -1.3716823378675662, "validation": -1.599249162777225, "test": -1.3095431839700034}, "training_duration": 3.3543949127197266, "inference_latency": 5.242336227233151e-07}