{"accuracy": {"train": 0.8694158075601375, "validation": 0.8870967741935484, "test": 0.7903225806451613}, "f1": {"train": 0.39343876938813643, "validation": 0.6154498222586819, "test": 0.3809659937245121}, "training_duration": 11.677792072296143, "inference_latency": 2.77111329228045e-06}