{"RMSE_loss": {"train": 96.77107238769531, "validation": 90.65264129638672, "test": 95.4756851196289}, "R_squared": {"train": 0.4462966529448006, "validation": 0.35218749590082954, "test": 0.525113840856678}, "training_duration": 0.8260188102722168, "inference_latency": 3.590641251529556e-07}