{"validation_accuracy": 0.39609250398724083, "train_and_test": {"train": {"f1": 0.41183166585016073, "precision": 0.45822817106912384, "recall": 0.4220017483444927, "accuracy": 0.43373493975903615}, "test": {"f1": 0.3487513691128149, "precision": 0.3461885245901639, "recall": 0.37496336996337, "accuracy": 0.4036144578313253}}}