{"RMSE_loss": {"train": 106.40374755859375, "validation": 90.26429748535156, "test": 102.6396255493164}, "R_squared": {"train": 0.33057813847920925, "validation": 0.3577259845003282, "test": 0.4511748625924257}, "training_duration": 2.9996509552001953, "inference_latency": 5.038387804146273e-07}