{"accuracy": {"train": 0.8556701030927835, "validation": 0.8790322580645161, "test": 0.75}, "f1": {"train": 0.29973280939037306, "validation": 0.47251724137931034, "test": 0.29836118779080023}, "training_duration": 10.794989109039307, "inference_latency": 1.7881393432617188e-06}