{"RMSE_loss": {"train": 103.23497772216797, "validation": 94.02018737792969, "test": 97.9768295288086}, "R_squared": {"train": 0.41640590061840865, "validation": 0.3784335193844781, "test": 0.15597962286064404}, "training_duration": 33.331544160842896, "inference_latency": 5.311276539262518e-07}