{"accuracy": {"train": 0.8831615120274914, "validation": 0.8870967741935484, "test": 0.7741935483870968}, "f1": {"train": 0.4089051155654079, "validation": 0.5856218507287709, "test": 0.3523022751895991}, "training_duration": 14.007867097854614, "inference_latency": 2.073667135583349e-06}