{"accuracy": {"train": 0.8762886597938144, "validation": 0.8629032258064516, "test": 0.782258064516129}, "f1": {"train": 0.3946335033685523, "validation": 0.5846597169251632, "test": 0.3585223911453258}, "training_duration": 8.18496322631836, "inference_latency": 3.32263578851539e-06}