{"RMSE_loss": {"train": 200.03489685058594, "validation": 181.33323669433594, "test": 210.3113250732422}, "R_squared": {"train": -1.3659066152265562, "validation": -1.5920490368929276, "test": -1.3042478870411802}, "training_duration": 3.2560160160064697, "inference_latency": 5.17052340220256e-07}