{"validation_RMSE": 105.34049379260463, "test_RMSE": 100.58561330774565, "test_R2": 0.38576585231701566}