{"accuracy": {"train": 0.8625429553264605, "validation": 0.8467741935483871, "test": 0.7661290322580645}, "f1": {"train": 0.36014753662456644, "validation": 0.4502693383121466, "test": 0.33705454811445595}, "training_duration": 14.102741956710815, "inference_latency": 1.194103654608669e-06}