{"RMSE_loss": {"train": 100.7931900024414, "validation": 89.02084350585938, "test": 101.53553771972656}, "R_squared": {"train": 0.39931273151378033, "validation": 0.3752996803131824, "test": 0.46291864281566697}, "training_duration": 0.7941548824310303, "inference_latency": 4.05886087072901e-07}