{"RMSE_loss": {"train": 100.40921020507812, "validation": 86.38980865478516, "test": 99.23474884033203}, "R_squared": {"train": 0.403880728315137, "validation": 0.41168039754751196, "test": 0.48698335450087105}, "training_duration": 3.233883857727051, "inference_latency": 4.1651438517742845e-07}