{"RMSE_loss": {"train": 101.1827392578125, "validation": 91.16748046875, "test": 101.24818420410156}, "R_squared": {"train": 0.439378112418232, "validation": 0.4155797369672225, "test": 0.09867651200727068}, "training_duration": 13.672966957092285, "inference_latency": 3.735990409391472e-06}