{"validation_RMSE": 98.71781330347031, "test_RMSE": 96.56583013721037, "test_R2": 0.4338791150540654}