{"validation_RMSE": 99.0325462739218, "test_RMSE": 98.96075572424205, "test_R2": 0.4054502147007495}