{"validation_RMSE": 99.33040062926008, "test_RMSE": 99.46743666122816, "test_R2": 0.39934641657671544}