{"accuracy": {"train": 0.8745704467353952, "validation": 0.8709677419354839, "test": 0.7903225806451613}, "f1": {"train": 0.39467144983765057, "validation": 0.5547232720429085, "test": 0.3816066999066684}, "training_duration": 11.089947938919067, "inference_latency": 1.3411763202713197e-06}