{"RMSE_loss": {"train": 139.67034912109375, "validation": 121.69924926757812, "test": 135.48593139648438}, "R_squared": {"train": -0.15343870916225621, "validation": -0.1675193959410648, "test": 0.04370414223186858}, "training_duration": 0.41599202156066895, "inference_latency": 2.1945999329348644e-07}