{"RMSE_loss": {"train": 139.8727264404297, "validation": 120.95941925048828, "test": 135.30795288085938}, "R_squared": {"train": -0.1567838069476517, "validation": -0.15336766648955602, "test": 0.046215026202837683}, "training_duration": 0.39826202392578125, "inference_latency": 2.5421740060829253e-07}