{"validation_RMSE": 102.19673633305396, "test_RMSE": 94.14085089056347, "test_R2": 0.46195517457399615}