{"validation_RMSE": 102.3908180936143, "test_RMSE": 95.65117832107317, "test_R2": 0.4445526883122539}