{"validation_RMSE": 106.45742230048397, "test_RMSE": 103.96053733541927, "test_R2": 0.3438558647355705}