{"accuracy": {"train": 0.8556701030927835, "validation": 0.8467741935483871, "test": 0.7580645161290323}, "f1": {"train": 0.3016154214580993, "validation": 0.4355467720685112, "test": 0.2968176457886957}, "training_duration": 8.44748592376709, "inference_latency": 2.7541654655732306e-06}