{"validation_accuracy": 0.40062656641604005, "train_and_test": {"train": {"f1": 0.49381271534511734, "precision": 0.5200056285112391, "recall": 0.49460931144133385, "accuracy": 0.5045180722891566}, "test": {"f1": 0.4004544603058474, "precision": 0.40857126476321526, "recall": 0.40648351648351644, "accuracy": 0.41566265060240964}}}