{"accuracy": {"train": 0.8298969072164949, "validation": 0.8548387096774194, "test": 0.7419354838709677}, "f1": {"train": 0.28308902141249753, "validation": 0.4510977492109568, "test": 0.29188541954499403}, "training_duration": 11.017871856689453, "inference_latency": 2.725440335560994e-06}